<?xml version="1.0" encoding="utf-8"?><?xml-stylesheet type='text/xsl' href='STIG_unclass.xsl'?><Benchmark xmlns:dc="http://purl.org/dc/elements/1.1/" xmlns:xsi="http://www.w3.org/2001/XMLSchema-instance" xmlns:cpe="http://cpe.mitre.org/language/2.0" xmlns:xhtml="http://www.w3.org/1999/xhtml" xmlns:dsig="http://www.w3.org/2000/09/xmldsig#" xsi:schemaLocation="http://checklists.nist.gov/xccdf/1.1 http://nvd.nist.gov/schema/xccdf-1.1.4.xsd http://cpe.mitre.org/dictionary/2.0 http://cpe.mitre.org/files/cpe-dictionary_2.1.xsd" id="F5_BIG-IP_Advanced_Firewall_Manager_11-x_STIG" xml:lang="en" xmlns="http://checklists.nist.gov/xccdf/1.1"><status date="2024-01-25">accepted</status><title>F5 BIG-IP Advanced Firewall Manager Security Technical Implementation Guide</title><description>This Security Technical Implementation Guide is published as a tool to improve the security of Department of Defense (DOD) information systems. The requirements are derived from the National Institute of Standards and Technology (NIST) 800-53 and related documents. Comments or proposed revisions to this document should be sent via email to the following address: disa.stig_spt@mail.mil.</description><notice id="terms-of-use" xml:lang="en"></notice><front-matter xml:lang="en"></front-matter><rear-matter xml:lang="en"></rear-matter><reference href="https://cyber.mil"><dc:publisher>DISA</dc:publisher><dc:source>STIG.DOD.MIL</dc:source></reference><plain-text id="release-info">Release: 1 Benchmark Date: 29 Jan 2024</plain-text><plain-text id="generator">3.4.1.22916</plain-text><plain-text id="conventionsVersion">1.10.0</plain-text><version>2</version><Profile id="MAC-1_Classified"><title>I - Mission Critical Classified</title><description>&lt;ProfileDescription&gt;&lt;/ProfileDescription&gt;</description><select idref="V-214498" selected="true" /><select idref="V-214499" selected="true" /><select idref="V-214500" selected="true" /><select idref="V-214501" selected="true" /><select idref="V-214502" selected="true" /></Profile><Profile id="MAC-1_Public"><title>I - Mission Critical Public</title><description>&lt;ProfileDescription&gt;&lt;/ProfileDescription&gt;</description><select idref="V-214498" selected="true" /><select idref="V-214499" selected="true" /><select idref="V-214500" selected="true" /><select idref="V-214501" selected="true" /><select idref="V-214502" selected="true" /></Profile><Profile id="MAC-1_Sensitive"><title>I - Mission Critical Sensitive</title><description>&lt;ProfileDescription&gt;&lt;/ProfileDescription&gt;</description><select idref="V-214498" selected="true" /><select idref="V-214499" selected="true" /><select idref="V-214500" selected="true" /><select idref="V-214501" selected="true" /><select idref="V-214502" selected="true" /></Profile><Profile id="MAC-2_Classified"><title>II - Mission Support Classified</title><description>&lt;ProfileDescription&gt;&lt;/ProfileDescription&gt;</description><select idref="V-214498" selected="true" /><select idref="V-214499" selected="true" /><select idref="V-214500" selected="true" /><select idref="V-214501" selected="true" /><select idref="V-214502" selected="true" /></Profile><Profile id="MAC-2_Public"><title>II - Mission Support Public</title><description>&lt;ProfileDescription&gt;&lt;/ProfileDescription&gt;</description><select idref="V-214498" selected="true" /><select idref="V-214499" selected="true" /><select idref="V-214500" selected="true" /><select idref="V-214501" selected="true" /><select idref="V-214502" selected="true" /></Profile><Profile id="MAC-2_Sensitive"><title>II - Mission Support Sensitive</title><description>&lt;ProfileDescription&gt;&lt;/ProfileDescription&gt;</description><select idref="V-214498" selected="true" /><select idref="V-214499" selected="true" /><select idref="V-214500" selected="true" /><select idref="V-214501" selected="true" /><select idref="V-214502" selected="true" /></Profile><Profile id="MAC-3_Classified"><title>III - Administrative Classified</title><description>&lt;ProfileDescription&gt;&lt;/ProfileDescription&gt;</description><select idref="V-214498" selected="true" /><select idref="V-214499" selected="true" /><select idref="V-214500" selected="true" /><select idref="V-214501" selected="true" /><select idref="V-214502" selected="true" /></Profile><Profile id="MAC-3_Public"><title>III - Administrative Public</title><description>&lt;ProfileDescription&gt;&lt;/ProfileDescription&gt;</description><select idref="V-214498" selected="true" /><select idref="V-214499" selected="true" /><select idref="V-214500" selected="true" /><select idref="V-214501" selected="true" /><select idref="V-214502" selected="true" /></Profile><Profile id="MAC-3_Sensitive"><title>III - Administrative Sensitive</title><description>&lt;ProfileDescription&gt;&lt;/ProfileDescription&gt;</description><select idref="V-214498" selected="true" /><select idref="V-214499" selected="true" /><select idref="V-214500" selected="true" /><select idref="V-214501" selected="true" /><select idref="V-214502" selected="true" /></Profile><Group id="V-214498"><title>SRG-NET-000018-ALG-000017</title><description>&lt;GroupDescription&gt;&lt;/GroupDescription&gt;</description><Rule id="SV-214498r395865_rule" weight="10.0" severity="medium"><version>F5BI-AF-000005</version><title>The BIG-IP AFM module must be configured to enforce approved authorizations for controlling the flow of information within the network based on attribute- and content-based inspection of the source, destination, headers, and/or content of the communications traffic.</title><description>&lt;VulnDiscussion&gt;Information flow control regulates where information is allowed to travel within a network. The flow of all network traffic must be monitored and controlled so it does not introduce any unacceptable risk to the network infrastructure or data.

Information flow control policies and enforcement mechanisms are commonly employed by organizations to control the flow of information between designated sources and destinations (e.g., networks, individuals, devices) within information systems. Examples of information flow control restrictions include keeping export-controlled information from being transmitted in the clear to the Internet or blocking information marked as classified but being transported to an unapproved destination.

Application Layer Gateways (ALGs) enforce approved authorizations by employing security policy and/or rules that restrict information system services, provide packet filtering capability based on header or protocol information and/or message filtering capability based on data content (e.g., implementing key word searches or using document characteristics).&lt;/VulnDiscussion&gt;&lt;FalsePositives&gt;&lt;/FalsePositives&gt;&lt;FalseNegatives&gt;&lt;/FalseNegatives&gt;&lt;Documentable&gt;false&lt;/Documentable&gt;&lt;Mitigations&gt;&lt;/Mitigations&gt;&lt;SeverityOverrideGuidance&gt;&lt;/SeverityOverrideGuidance&gt;&lt;PotentialImpacts&gt;&lt;/PotentialImpacts&gt;&lt;ThirdPartyTools&gt;&lt;/ThirdPartyTools&gt;&lt;MitigationControl&gt;&lt;/MitigationControl&gt;&lt;Responsibility&gt;&lt;/Responsibility&gt;&lt;IAControls&gt;&lt;/IAControls&gt;</description><reference><dc:title>DPMS Target F5 BIG-IP Advanced Firewall Manager</dc:title><dc:publisher>DISA</dc:publisher><dc:type>DPMS Target</dc:type><dc:subject>F5 BIG-IP Advanced Firewall Manager</dc:subject><dc:identifier>4002</dc:identifier></reference><ident system="http://cyber.mil/legacy">SV-74347</ident><ident system="http://cyber.mil/legacy">V-59917</ident><ident system="http://cyber.mil/cci">CCI-001368</ident><fixtext fixref="F-15704r290473_fix">If the BIG-IP AFM module is used to support user access control intermediary services for virtual servers, configure the BIG-IP AFM module to enforce approved authorizations for controlling the flow of information within the network based on attribute- and content-based inspection of the source, destination, headers, and/or content of the communications traffic.</fixtext><fix id="F-15704r290473_fix" /><check system="C-15706r290472_chk"><check-content-ref href="F5_BIG-IP_Advanced_Firewall_Manager_STIG.xml" name="M" /><check-content>If the BIG-IP AFM module is not used to support user access control intermediary services for virtual servers, this is not applicable.

Verify the BIG-IP AFM module is configured to enforce approved authorizations for controlling the flow of information within the network based on attribute- and content-based inspection of the source, destination, headers, and/or content of the communications traffic.

Navigate to the BIG-IP System manager &gt;&gt; Security &gt;&gt; Network Firewall &gt;&gt; Active Rules.

Verify an active rule is configured to enforce approved authorizations for controlling the flow of information within the network based on attribute- and content-based inspection of the source, destination, headers, and/or content of the communications traffic.

If the BIG-IP AFM module is not configured to enforce approved authorizations for controlling the flow of information within the network based on attribute- and content-based inspection of the source, destination, headers, and/or content of the communications traffic, this is a finding.</check-content></check></Rule></Group><Group id="V-214499"><title>SRG-NET-000019-ALG-000018</title><description>&lt;GroupDescription&gt;&lt;/GroupDescription&gt;</description><Rule id="SV-214499r395868_rule" weight="10.0" severity="high"><version>F5BI-AF-000007</version><title>The BIG-IP AFM module must be configured to restrict or block harmful or suspicious communications traffic by controlling the flow of information between interconnected networks based on attribute- and content-based inspection of the source, destination, headers, and/or content of the communications traffic.</title><description>&lt;VulnDiscussion&gt;Information flow control regulates where information is allowed to travel within a network and between interconnected networks. Blocking or restricting detected harmful or suspicious communications between interconnected networks enforces approved authorizations for controlling the flow of traffic.

This requirement applies to the flow of information between the Application Layer Gateway (ALG) when used as a gateway or boundary device which allows traffic flow between interconnected networks of differing security policies.

The ALG installed and configured in such a way that restricts or blocks information flows based on guidance in the Ports, Protocols, &amp; Services (PPSM) regarding restrictions for boundary crossing for ports, protocols, and services. Information flow restrictions may be implemented based on attribute- and content-based inspection of the source, destination, headers, and/or content of the communications traffic.

The ALGs must be configured with policy filters (e.g., security policy, rules, and/or signatures) that restrict or block information system services; provide a packet filtering capability based on header information; and/or perform message filtering based on message content. The policy filters used depend upon the type of application gateway (e.g., web, email, or TLS).&lt;/VulnDiscussion&gt;&lt;FalsePositives&gt;&lt;/FalsePositives&gt;&lt;FalseNegatives&gt;&lt;/FalseNegatives&gt;&lt;Documentable&gt;false&lt;/Documentable&gt;&lt;Mitigations&gt;&lt;/Mitigations&gt;&lt;SeverityOverrideGuidance&gt;&lt;/SeverityOverrideGuidance&gt;&lt;PotentialImpacts&gt;&lt;/PotentialImpacts&gt;&lt;ThirdPartyTools&gt;&lt;/ThirdPartyTools&gt;&lt;MitigationControl&gt;&lt;/MitigationControl&gt;&lt;Responsibility&gt;&lt;/Responsibility&gt;&lt;IAControls&gt;&lt;/IAControls&gt;</description><reference><dc:title>DPMS Target F5 BIG-IP Advanced Firewall Manager</dc:title><dc:publisher>DISA</dc:publisher><dc:type>DPMS Target</dc:type><dc:subject>F5 BIG-IP Advanced Firewall Manager</dc:subject><dc:identifier>4002</dc:identifier></reference><ident system="http://cyber.mil/legacy">V-59921</ident><ident system="http://cyber.mil/legacy">SV-74351</ident><ident system="http://cyber.mil/cci">CCI-001414</ident><fixtext fixref="F-15705r290476_fix">If the BIG-IP AFM module is used to support user access control intermediary services for virtual servers, configure the BIG-IP AFM module to restrict or block harmful or suspicious communications traffic by controlling the flow of information between interconnected networks based on attribute- and content-based inspection of the source, destination, headers, and/or content of the communications traffic.</fixtext><fix id="F-15705r290476_fix" /><check system="C-15707r290475_chk"><check-content-ref href="F5_BIG-IP_Advanced_Firewall_Manager_STIG.xml" name="M" /><check-content>If the BIG-IP AFM module is not used to support user access control intermediary services for virtual servers, this is not applicable.

Verify the BIG-IP AFM module is configured to restrict or block harmful or suspicious communications traffic by controlling the flow of information between interconnected networks based on attribute- and content-based inspection of the source, destination, headers, and/or content of the communications traffic.

Navigate to the BIG-IP System manager &gt;&gt; Security &gt;&gt; Network Firewall &gt;&gt; Active Rules.

Verify an active rule is configured to restrict or block harmful or suspicious communications traffic by controlling the flow of information between interconnected networks based on attribute- and content-based inspection of the source, destination, headers, and/or content of the communications traffic.

If the BIG-IP AFM module is not configured to restrict or block harmful or suspicious communications traffic by controlling the flow of information between interconnected networks based on attribute- and content-based inspection of the source, destination, headers, and/or content of the communications traffic, this is a finding.</check-content></check></Rule></Group><Group id="V-214500"><title>SRG-NET-000074-ALG-000043</title><description>&lt;GroupDescription&gt;&lt;/GroupDescription&gt;</description><Rule id="SV-214500r395919_rule" weight="10.0" severity="medium"><version>F5BI-AF-000039</version><title>The BIG-IP AFM module must be configured to produce audit records containing information to establish what type of events occurred.</title><description>&lt;VulnDiscussion&gt;Without establishing what type of event occurred, it would be difficult to establish, correlate, and investigate the events leading up to an outage or attack.

Audit record content that may be necessary to satisfy this requirement includes, for example, event descriptions, success/fail indications, filenames involved, and access control or flow control rules invoked.

Associating event types with detected events in the gateway logs provides a means of investigating an attack, recognizing resource utilization or capacity thresholds, or identifying an improperly configured network element.

This requirement does not apply to audit logs generated on behalf of the device itself (management).&lt;/VulnDiscussion&gt;&lt;FalsePositives&gt;&lt;/FalsePositives&gt;&lt;FalseNegatives&gt;&lt;/FalseNegatives&gt;&lt;Documentable&gt;false&lt;/Documentable&gt;&lt;Mitigations&gt;&lt;/Mitigations&gt;&lt;SeverityOverrideGuidance&gt;&lt;/SeverityOverrideGuidance&gt;&lt;PotentialImpacts&gt;&lt;/PotentialImpacts&gt;&lt;ThirdPartyTools&gt;&lt;/ThirdPartyTools&gt;&lt;MitigationControl&gt;&lt;/MitigationControl&gt;&lt;Responsibility&gt;&lt;/Responsibility&gt;&lt;IAControls&gt;&lt;/IAControls&gt;</description><reference><dc:title>DPMS Target F5 BIG-IP Advanced Firewall Manager</dc:title><dc:publisher>DISA</dc:publisher><dc:type>DPMS Target</dc:type><dc:subject>F5 BIG-IP Advanced Firewall Manager</dc:subject><dc:identifier>4002</dc:identifier></reference><ident system="http://cyber.mil/legacy">V-59923</ident><ident system="http://cyber.mil/legacy">SV-74353</ident><ident system="http://cyber.mil/cci">CCI-000130</ident><fixtext fixref="F-15706r290479_fix">Configure the BIG-IP AFM module to produce audit records containing information to establish what type of events occurred. 

Navigate to the BIG-IP System manager &gt;&gt; Security &gt;&gt; Event Logs &gt;&gt; Logging Profiles.

Click on 'Create'.

Name the Profile.

Check the box next to 'Network Firewall'.

Configure settings to log required information.

Click 'Finished'.</fixtext><fix id="F-15706r290479_fix" /><check system="C-15708r290478_chk"><check-content-ref href="F5_BIG-IP_Advanced_Firewall_Manager_STIG.xml" name="M" /><check-content>Verify the BIG-IP AFM module is configured to produce audit records containing information to establish what type of events occurred.

Navigate to the BIG-IP System manager &gt;&gt; Security &gt;&gt; Event Logs &gt;&gt; Logging Profiles.

Verify list of Profiles 'Enabled' for 'Network Firewall'.

If the BIG-IP AFM module does not produce audit records containing information to establish what type of events occurred, this is a finding.</check-content></check></Rule></Group><Group id="V-214501"><title>SRG-NET-000364-ALG-000122</title><description>&lt;GroupDescription&gt;&lt;/GroupDescription&gt;</description><Rule id="SV-214501r831450_rule" weight="10.0" severity="medium"><version>F5BI-AF-000223</version><title>The BIG-IP AFM module must be configured to only allow incoming communications from authorized sources routed to authorized destinations.</title><description>&lt;VulnDiscussion&gt;Unrestricted traffic may contain malicious traffic that poses a threat to an enclave or to other connected networks. Additionally, unrestricted traffic may transit a network, which uses bandwidth and other resources.

Access control policies and access control lists implemented on devices that control the flow of network traffic (e.g., application-level firewalls and Web content filters) ensure the flow of traffic is only allowed from authorized sources to authorized destinations. Networks with different levels of trust (e.g., the Internet or CDS) must be kept separate.&lt;/VulnDiscussion&gt;&lt;FalsePositives&gt;&lt;/FalsePositives&gt;&lt;FalseNegatives&gt;&lt;/FalseNegatives&gt;&lt;Documentable&gt;false&lt;/Documentable&gt;&lt;Mitigations&gt;&lt;/Mitigations&gt;&lt;SeverityOverrideGuidance&gt;&lt;/SeverityOverrideGuidance&gt;&lt;PotentialImpacts&gt;&lt;/PotentialImpacts&gt;&lt;ThirdPartyTools&gt;&lt;/ThirdPartyTools&gt;&lt;MitigationControl&gt;&lt;/MitigationControl&gt;&lt;Responsibility&gt;&lt;/Responsibility&gt;&lt;IAControls&gt;&lt;/IAControls&gt;</description><reference><dc:title>DPMS Target F5 BIG-IP Advanced Firewall Manager</dc:title><dc:publisher>DISA</dc:publisher><dc:type>DPMS Target</dc:type><dc:subject>F5 BIG-IP Advanced Firewall Manager</dc:subject><dc:identifier>4002</dc:identifier></reference><ident system="http://cyber.mil/legacy">V-59925</ident><ident system="http://cyber.mil/legacy">SV-74355</ident><ident system="http://cyber.mil/cci">CCI-002403</ident><fixtext fixref="F-15707r290482_fix">Configure the BIG-IP AFM module to only allow incoming communications from authorized sources routed to authorized destinations.</fixtext><fix id="F-15707r290482_fix" /><check system="C-15709r290481_chk"><check-content-ref href="F5_BIG-IP_Advanced_Firewall_Manager_STIG.xml" name="M" /><check-content>If the BIG-IP AFM module is not used to support user access control intermediary services for virtual servers, this is not applicable.

Verify the BIG-IP AFM module is configured to only allow incoming communications from authorized sources routed to authorized destinations.

Navigate to the BIG-IP System manager &gt;&gt; Local Traffic &gt;&gt; Virtual Servers &gt;&gt; Virtual Servers List tab.

Select the applicable Virtual Servers(s) from the list to verify.

Navigate to the Security &gt;&gt; Policies tab.

Verify that "Network Firewall" is assigned a local Network Firewall Policy.

Verify configuration of the identified Network Firewall policy:

Navigate to the BIG-IP System manager &gt;&gt; Security &gt;&gt; Network Firewall &gt;&gt; Active Rules.

Select the  Network Firewall policy that was assigned to the Virtual Server.

Review the configuration of the "Protocol", "Source", "Destination", and "Action" sections at a minimum to ensure that the policy is only allowing incoming communications from authorized sources enroute to authorized destinations.

If the BIG-IP AFM module is not configured to only allow incoming communications from unauthorized sources routed to unauthorized destinations, this is a finding.</check-content></check></Rule></Group><Group id="V-214502"><title>SRG-NET-000380-ALG-000128</title><description>&lt;GroupDescription&gt;&lt;/GroupDescription&gt;</description><Rule id="SV-214502r831451_rule" weight="10.0" severity="medium"><version>F5BI-AF-000229</version><title>The BIG-IP AFM module must be configured to handle invalid inputs in a predictable and documented manner that reflects organizational and system objectives.</title><description>&lt;VulnDiscussion&gt;A common vulnerability of network elements is unpredictable behavior when invalid inputs are received. This requirement guards against adverse or unintended system behavior caused by invalid inputs where information system responses to the invalid input may be disruptive or cause the system to fail into an unsafe state.

The behavior will be derived from the organizational and system requirements and includes, but is not limited to, notification of the appropriate personnel, creating an audit record, and rejecting invalid input.

This requirement applies to gateways and firewalls that perform content inspection or have higher layer proxy functions.&lt;/VulnDiscussion&gt;&lt;FalsePositives&gt;&lt;/FalsePositives&gt;&lt;FalseNegatives&gt;&lt;/FalseNegatives&gt;&lt;Documentable&gt;false&lt;/Documentable&gt;&lt;Mitigations&gt;&lt;/Mitigations&gt;&lt;SeverityOverrideGuidance&gt;&lt;/SeverityOverrideGuidance&gt;&lt;PotentialImpacts&gt;&lt;/PotentialImpacts&gt;&lt;ThirdPartyTools&gt;&lt;/ThirdPartyTools&gt;&lt;MitigationControl&gt;&lt;/MitigationControl&gt;&lt;Responsibility&gt;&lt;/Responsibility&gt;&lt;IAControls&gt;&lt;/IAControls&gt;</description><reference><dc:title>DPMS Target F5 BIG-IP Advanced Firewall Manager</dc:title><dc:publisher>DISA</dc:publisher><dc:type>DPMS Target</dc:type><dc:subject>F5 BIG-IP Advanced Firewall Manager</dc:subject><dc:identifier>4002</dc:identifier></reference><ident system="http://cyber.mil/legacy">V-59927</ident><ident system="http://cyber.mil/legacy">SV-74357</ident><ident system="http://cyber.mil/cci">CCI-002754</ident><fixtext fixref="F-15708r290485_fix">Configure the BIG-IP AFM module to handle invalid inputs in a predictable and documented manner that reflects organizational and system objectives.</fixtext><fix id="F-15708r290485_fix" /><check system="C-15710r290484_chk"><check-content-ref href="F5_BIG-IP_Advanced_Firewall_Manager_STIG.xml" name="M" /><check-content>Verify the BIG-IP AFM module is configured to handle invalid input in a predictable and documented manner that reflects organizational and system objectives.

This can be demonstrated by the SA sending an invalid input to a virtual server.  Provide evidence that the virtual server was able to handle the invalid input and maintain operation.

If the BIG-IP AFM module is not configured to handle invalid inputs in a predictable and documented manner that reflects organizational and system objectives, this is a finding.</check-content></check></Rule></Group></Benchmark>